,SeniorCitizen,tenure,MonthlyCharges,TotalCharges
SeniorCitizen,1.0,0.01656687768180933,0.22017333857627205,0.10241060539533071
tenure,0.01656687768180933,1.0,0.24789985628615108,0.8258804609332018
MonthlyCharges,0.22017333857627205,0.24789985628615108,1.0,0.6510648032262017
TotalCharges,0.10241060539533071,0.8258804609332018,0.6510648032262017,1.0
