StreamingMovies,No,Yes,total,churn_rate
No,1847,938,2785,0.33680430879712747
Yes,1914,818,2732,0.29941434846266474
No internet service,1413,113,1526,0.07404980340760157
