PaperlessBilling,No,Yes,total,churn_rate
Yes,2771,1400,4171,0.33565092304003835
No,2403,469,2872,0.1633008356545961
