Partner,No,Yes,total,churn_rate
No,2441,1200,3641,0.32957978577313923
Yes,2733,669,3402,0.1966490299823633
