DeviceProtection,No,Yes,total,churn_rate
No,1884,1211,3095,0.3912762520193861
Yes,1877,545,2422,0.2250206440957886
No internet service,1413,113,1526,0.07404980340760157
