OnlineSecurity,No,Yes,total,churn_rate
No,2037,1461,3498,0.4176672384219554
Yes,1724,295,2019,0.14611193660227836
No internet service,1413,113,1526,0.07404980340760157
