gender,No,Yes,total,churn_rate
Female,2549,939,3488,0.26920871559633025
Male,2625,930,3555,0.2616033755274262
