OnlineBackup,No,Yes,total,churn_rate
No,1855,1233,3088,0.39928756476683935
Yes,1906,523,2429,0.21531494442157267
No internet service,1413,113,1526,0.07404980340760157
