Contract,No,Yes,total,churn_rate
Month-to-month,2220,1655,3875,0.4270967741935484
One year,1307,166,1473,0.11269517990495587
Two year,1647,48,1695,0.02831858407079646
