StreamingTV,No,Yes,total,churn_rate
No,1868,942,2810,0.33523131672597867
Yes,1893,814,2707,0.30070188400443293
No internet service,1413,113,1526,0.07404980340760157
