InternetService,No,Yes,total,churn_rate
Fiber optic,1799,1297,3096,0.4189276485788114
DSL,1962,459,2421,0.1895910780669145
No,1413,113,1526,0.07404980340760157
