PaymentMethod,No,Yes,total,churn_rate
Electronic check,1294,1071,2365,0.4528541226215645
Mailed check,1304,308,1612,0.19106699751861042
Bank transfer (automatic),1286,258,1544,0.16709844559585493
Credit card (automatic),1290,232,1522,0.15243101182654403
