MultipleLines,No,Yes,total,churn_rate
Yes,2121,850,2971,0.286098956580276
No,2541,849,3390,0.2504424778761062
No phone service,512,170,682,0.24926686217008798
