Dependents,No,Yes,total,churn_rate
No,3390,1543,4933,0.3127914048246503
Yes,1784,326,2110,0.15450236966824646
