PhoneService,No,Yes,total,churn_rate
Yes,4662,1699,6361,0.2670963684955196
No,512,170,682,0.24926686217008798
