TechSupport,No,Yes,total,churn_rate
No,2027,1446,3473,0.4163547365390153
Yes,1734,310,2044,0.15166340508806261
No internet service,1413,113,1526,0.07404980340760157
